Category,Agent_Name
“0-9”,N/A
“A”,A Best Registered Agent LLC
“A”,"A Better Registered Agent, Inc."
“A”,"A Registered Agent, Inc."
“A”,A-1 Incorporators LLC
“A”,"AAA-Self Filer's Incorporation Services, Corp."
“A”,Accumera LLC
“A”,Acme Filings Corp.
“A”,"Advance Corporate Service, Inc."
“A”,Advantage Delaware LLC
“A”,Aero Incorporate Inc.
“A”,"Agents and Corporations, Inc."
“A”,"Agents for Delaware Corporations, Inc."
“A”,"Agents of Delaware, Inc."
“A”,American Incorporators Ltd.
“A”,Americhoice Incorporators Ltd.
“A”,"Aradel, Inc."
“B”,Best Delaware Registered Agent LLC
“B”,"Blumbergexcelsior Corporate Services, Inc."
“B”,Business Filings Incorporated
“B”,"Business Incorporators, Inc."
“C”,"Capitol Corporate Services, Inc."
“C”,"Capitol Services, Inc."
“C”,Cheapest Delaware Registered Agent LLC
“C”,Cogency Global Inc
“C”,Computershare Entity Services (Delaware) Ltd.
“C”,"Cooch & Taylor, A Professional Association"
“C”,Corp 2000
“C”,"Corp1, Inc."
“C”,"CorpAmerica, Inc."
“C”,Corpomax Inc.
“C”,Corporate Consulting Ltd.
“C”,Corporate Creations Network Inc.
“C”,Corporate Filing Solutions LLC
“C”,"Corporate Service Bureau, Inc."
“C”,Corporate Systems LLC
“C”,Corporation Guarantee & Trust Company
“C”,Corporation Service Company
“C”,"Corporations & Companies, Inc. (corpCo)"
“C”,"Corporations USA, LLC"
“C”,Rita Carnevale
“C”,The Company Corporation
“C”,The Corporation Trust Company
“D”,"DCG Services, Inc."
“D”,Dash Incorporators LLC
“D”,"Delaware Business Incorporators, Inc."
“D”,"Delaware Corporate Agents, Inc."
“D”,Delaware Corporate Headquarters LLC
“D”,"Delaware Corporate Registry, Inc."
“D”,Delaware Corporate Services Inc.
“D”,"Delaware Corporation Organizers, Inc."
“D”,Delaware Corporations LLC
“D”,Delaware Entity Services LLC
“D”,"Delaware Incorporating Agents, Inc."
“D”,"Delaware Incorporating Services, Ltd."
“D”,Delaware Registered Agent Service LLC
“D”,"Delaware Registered Agents & Incorporators, LLC"
“D”,"Delaware and Yacht Registry, Ltd."
“D”,Diamond State Corporate Agents
“D”,"Diversified Corporate Services Int'l, Inc."
“D”,"The Delaware Corporation Agency, Inc."
“D”,The Delaware Registered Agent Company LLC
“E”,E-Government LLC
“E”,"eResidentAgent, Inc"
“F”,First Corporate Solutions
“F”,"First State Corporate Services, Inc."
“G”,"GKL  Registered Agents of DE, Inc."
“G”,GenPro Consulting (America) Inc.
“G”,"Global Corporate Services, Inc."
“G”,"Gold-In (USA) Co., Ltd."
“H”,"Harvard Business Services, Inc."
“I”,Inc. Plan (USA)
“I”,"Incorp Services, Inc."
“I”,"Incorporate247, Inc."
“I”,"Incorporating Services, Ltd."
“I”,The Incorporating Company LLC
“I”,The Incorporators Ltd.
“J”,R. Brandon Jones
“K”,N/A
“L”,"LegalCorp Solutions, LLC"
“M”,"MK Consulting I, Inc."
“M”,Maples Fiduciary Services (Delaware) Inc.
“N”,"NRAI Services, LLC"
“N”,"National Registered Agents, Inc."
“N”,"Northwest Registered Agent Service, Inc."
“O”,N/A
“P”,"P & P Aviation, Inc."
“P”,Paracorp Incorporated
“P”,Platinum Filings LLC
“P”,"Professional Corporation Agents, Inc."
“Q”,N/A
“R”,L. Vincent Ramunno
“R”,RL&F Service Corp.
“R”,"Real-Corp Services, Inc."
“R”,"Registered Agent Solutions, Inc."
“R”,"Registered Agents & Incorporators of Delaware, Inc."
“R”,"Registered Agents Legal Services, LLC"
“R”,"Registered Agents, Ltd."
“R”,Registered Office Service Company
“R”,Resident Agents Inc
“S”,"Charles Snyderman, P.A."
“S”,"Schmittinger & Rodriguez, P.A."
“S”,Sealight (Delaware) Limited
“S”,Social Enterprises LLC
“S”,State Street Corporate LLC
“S”,Stellar Corporate Services LLC
“T”,TRAC - The Registered Agent Company
“T”,Telos Legal Corp
“T”,"Tighe & Cottrell, P.A."
“T”,Tunnell & Raysor
“U”,"URS Agents, LLC"
“U”,"USA Corporate Services, Inc."
“U”,United Agent Group Inc.
“U”,"United Corporate Services, Inc."
“U”,"Universal Registered Agents, Inc."
“V”,VALIS Group Inc.
“V”,"Van Buren Financial Group, LLC"
“V”,"Vanguard Corporate Services, Ltd."
“V”,"Vcorp Services, LLC"
“W”,"John R. Weaver, Jr., P.A."
“W”,"Raymond R. Williams, III."
“X”,N/A
“Y”,YCS&T Services LLC
“Z”,N/A
